Title,Artist,Tempo
Mad,Ne-Yo,129.19921875
Happier,Marshmello/Bastille,99.38401442307692
Don't,Ed Sheeran,95.703125
Single Ladies (Put a Ring on It),Beyoncé,95.703125
"No, No, No, Pt. 1",Destiny's Child,60.09265988372093
Cheerleader,OMI,99.38401442307692
Elastic Heart,Sia,129.19921875
Teenage Dream,Katy Perry,117.45383522727273
Come With Me,Puff Daddy Featuring Jimmy Page,161.4990234375
Adia,Sarah McLachlan,151.99908088235293
Stuck with U,Ariana Grande/Justin Bieber,89.10290948275862
Nonstop,Drake,103.359375
Adore You,Harry Styles,99.38401442307692
Take A Back Road,Rodney Atkins,112.34714673913044
Beautiful (feat. Camila Cabello),Bazzi/Camila Cabello,99.38401442307692
You Know You Like It,DJ Snake/AlunaGeorge,129.19921875
Everybody (Backstreet's Back) (Radio Edit),Backstreet Boys,107.666015625
Pretty Wings,Maxwell,117.45383522727273
Run This Town (feat. Rihanna & Kanye West),Jay-Z/Rihanna/Kanye West,86.1328125
MIDDLE CHILD,J. Cole,123.046875
My Type,Saweetie,103.359375
I'll Be,Edwin McCain,135.99917763157896
Nobody's Supposed to Be Here,Deborah Cox,60.09265988372093
Sexy And I Know It,LMFAO,129.19921875
This Is Your Night (Original Edit),Amber,129.19921875
Ric Flair Drip,Offset/Metro Boomin,99.38401442307692
LUST.,Kendrick Lamar,95.703125
Clout (feat. Cardi B),Offset/Cardi B,143.5546875
Set U Free,Planet Soul,129.19921875
Truly Madly Deeply,Savage Garden,83.35433467741936
Raise The Roof,"Luke, No Good But So Good, Jiggie",143.5546875
ME! (feat. Brendon Urie of Panic! At The Disco),Taylor Swift/Brendon Urie,184.5703125
What's Up? (Edit),4 Non Blondes,135.99917763157896
Bandit,Juice Wrld/YoungBoy Never Broke Again,89.10290948275862
I Know You Want Me (Calle Ocho),Pitbull,129.19921875
breathin,Ariana Grande,99.38401442307692
Father,LL Cool J,99.38401442307692
Sunflower,Post Malone/Swae Lee,89.10290948275862
Thinkin' Bout It,Gerald Levert,117.45383522727273
Godzilla (feat. Juice Wrld),Eminem/Juice Wrld,161.4990234375
Like I'm Gonna Lose You (feat. John Legend),Meghan Trainor/John Legend,71.77734375
Frozen,Madonna,107.666015625
Barefoot Blue Jean Night,Jake Owen,86.1328125
The World I Know,Collective Soul,151.99908088235293
All The Things (Your Man Won't Do),Joe,66.25600961538461
Sorry Not Sorry,Demi Lovato,143.5546875
All Eyes on You (feat. Chris Brown & Nicki Minaj),Meek Mill/Chris Brown/Nicki Minaj,151.99908088235293
How Do I Live,LeAnn Rimes,129.19921875
El Perdón,Nicky Jam/Enrique Iglesias,89.10290948275862
Are You Gonna Kiss Me Or Not,Thompson Square,151.99908088235293
Dear Future Husband,Meghan Trainor,80.74951171875
Never Say Never,The Fray,80.74951171875
"Fastlove, Pt. 1",George Michael,103.359375
Wolves,Selena Gomez/Marshmello,123.046875
Here,Alessia Cara,61.5234375
1-800-273-8255 (feat. Alessia Cara & Khalid),Logic/Alessia Cara/Khalid,99.38401442307692
The Woo (feat. 50 Cent & Roddy Ricch),Pop Smoke/50 Cent/Roddy Ricch,99.38401442307692
Baby,Quality Control/Lil Baby/DaBaby,107.666015625
My Way,Usher,89.10290948275862
I Do,Lisa Loeb,112.34714673913044
Hot N Cold,Katy Perry,129.19921875
"Earned It (Fifty Shades Of Grey) (From The ""Fifty Shades Of Grey"" Soundtrack)",The Weeknd,123.046875
You and Tequila (feat. Grace Potter),Kenny Chesney/Grace Potter,135.99917763157896
Nice For What,Drake,123.046875
Wait,Maroon 5,123.046875
THE SCOTTS,THE SCOTTS /Travis Scott/Kid Cudi,129.19921875
Act Up,City Girls,95.703125
8 Out Of 10,Drake,172.265625
Hit Me Off,New Edition,89.10290948275862
Call Out My Name,The Weeknd,135.99917763157896
Laugh Now Cry Later (feat. Lil Durk),Drake/Lil Durk,135.99917763157896
Riptide,Vance Joy,103.359375
Style,Taylor Swift,95.703125
Better,Khalid,99.38401442307692
Still Not a Player (Radio Version) (feat. Joe),Big Pun/Joe,184.5703125
Time of Our Lives,Pitbull/Ne-Yo,123.046875
Ghost,Ella Henderson,103.359375
Tubthumping,Chumbawamba,103.359375
Looking Through Your Eyes (from the motion picture Quest For Camelot),LeAnn Rimes,161.4990234375
"Because You Loved Me (Theme from ""Up Close and Personal"")",Céline Dion,117.45383522727273
Theme From Mission: Impossible,Adam Clayton/Larry Mullen,95.703125
I Don't Want To Miss A Thing,Aerosmith,123.046875
Sweet but Psycho,Ava Max,135.99917763157896
Just Can’t Get Enough,Black Eyed Peas,129.19921875
Dead And Gone,T.I.,135.99917763157896
Powerglide (From SR3MM) (feat. Juicy J),Rae Sremmurd/Swae Lee/Slim Jxmmi/Juicy J,86.1328125
7 rings,Ariana Grande,69.83741554054055
Talking Body,Tove Lo,117.45383522727273
Semi-Charmed Life (2006 Remaster),Third Eye Blind,103.359375
"thank u, next",Ariana Grande,107.666015625
Blinding Lights,The Weeknd,86.1328125
Right Now (Na Na Na),Akon,135.99917763157896
Hook,Blues Traveler,83.35433467741936
I Don't Fuck With You (feat. E-40),Big Sean/E-40,99.38401442307692
After Dark,Drake,143.5546875
Chasin' You,Morgan Wallen,95.703125
Chicken Fried,Zac Brown Band,86.1328125
Don’t Matter To Me,Drake,103.359375
No Guidance (feat. Drake),Chris Brown/Drake,92.28515625
She Wolf,Shakira,123.046875
Don't Cry,Seal,92.28515625
Yummy,Justin Bieber,143.5546875
You Learn,Alanis Morissette,172.265625
You Were Meant For Me (Album Edit),Jewel,117.45383522727273
Wake Up in the Sky,Gucci Mane/Bruno Mars/Kodak Black,143.5546875
King's Dead,Jay Rock/Kendrick Lamar/Future/James Blake,161.4990234375
Ghetto Supastar (That is What You Are) (feat. Ol' Dirty Bastard & Mýa),Pras/Ol' Dirty Bastard/Mýa,99.38401442307692
LoveGame,Lady Gaga,103.359375
Remind Me (duet with Brad Paisley),Carrie Underwood,143.5546875
Down Low (Nobody Has to Know) (feat. Ronald Isley & Ernie Isley),R. Kelly/Ronald Isley/Ernie Isley,107.666015625
Lucid Dreams,Juice Wrld,112.34714673913044
Coming Home (feat. Skylar Grey),Diddy - Dirty Money/Skylar Grey,172.265625
Rain On Me,Lady Gaga/Ariana Grande,123.046875
Mood Swings (feat. Lil Tjay),Pop Smoke/Lil Tjay,89.10290948275862
I Get Lonely,Janet Jackson,63.02400914634146
In My Feelings,Drake,184.5703125
Hello,Adele,161.4990234375
I Can't Sleep Baby (If I),R. Kelly,123.046875
If Your Girl Only Knew,Aaliyah,86.1328125
Back To You,Selena Gomez,135.99917763157896
Pop Champagne (Explicit Album Version) (feat. Juelz Santana),Jim Jones/Ron Browz/Juelz Santana,92.28515625
Elevate,Drake,151.99908088235293
Goodbyes (feat. Young Thug),Post Malone/Young Thug,99.38401442307692
ily (i love you baby) (feat. Emilee),Surf Mesa/Emilee,112.34714673913044
Love Me Harder,Ariana Grande/The Weeknd,99.38401442307692
Love Lockdown,Kanye West,117.45383522727273
Let You Down,NF,99.38401442307692
Mood (feat. iann dior),24kgoldn/Iann Dior/Iann Dior,92.28515625
Fallin' For You (Album Version),Colbie Caillat,117.45383522727273
Talk You Out Of It,Florida Georgia Line,117.45383522727273
Time,Hootie & the Blowfish,103.359375
"Let's Ride (feat. Silk ""The Shocker"" Friend & Master P.)","Montell Jordan/Silk ""The Shocker"" Friend/Master P.",61.5234375
Back To Back,Drake,86.1328125
Don't Trust Me,3OH!3,129.19921875
Give Me One Reason,Tracy Chapman,99.38401442307692
Want to Want Me,Jason Derulo,112.34714673913044
Bitter Sweet Symphony,The Verve,172.265625
Dangerous,Busta Rhymes,103.359375
LOVE.,Kendrick Lamar,123.046875
Psycho (feat. Ty Dolla $ign),Post Malone/Ty Dolla $ign,135.99917763157896
We R Who We R,Kesha,117.45383522727273
679 (feat. Remy Boyz),Fetty Wap/Remy Boyz,95.703125
"Downtown (feat. Melle Mel, Grandmaster Caz, Kool Moe Dee & Eric Nally)",Macklemore/Ryan Lewis/Melle Mel/Grandmaster Caz/Kool Moe Dee/Eric Nally,112.34714673913044
The Edge Of Glory,Lady Gaga,129.19921875
Say Hey (I Love You) (feat. Cherine Tanya Anderson),Michael Franti & Spearhead/Cherine Tanya Anderson,123.046875
Stir Fry,Migos,92.28515625
Hey Lover,LL Cool J,89.10290948275862
Bitch Better Have My Money,Rihanna,103.359375
Turnin Me On (feat. Lil Wayne),Keri Hilson/Lil Wayne,161.4990234375
Grenade,Bruno Mars,112.34714673913044
Truffle Butter (feat. Drake & Lil Wayne),Nicki Minaj/Drake/Lil Wayne,103.359375
Suicidal (Remix) [feat. Juice WRLD] (feat. Juice Wrld),YNW Melly/Juice Wrld,135.99917763157896
How To Love,Lil Wayne,103.359375
Dynamite,BTS,112.34714673913044
Macarena,Los Del Río,103.359375
Empire State Of Mind (feat. Alicia Keys),Jay-Z/Alicia Keys,86.1328125
Missing (Club Edit),Everything but the Girl,123.046875
She Knows (feat. Juicy J),Ne-Yo/Juicy J,143.5546875
Back To December,Taylor Swift,143.5546875
Nasty Freestyle,T-Wayne,135.99917763157896
Who Do U Love,Deborah Cox,172.265625
If It Makes You Happy,Sheryl Crow,95.703125
Good as You (Stripped),Kane Brown,151.99908088235293
For the First Time,The Script,172.265625
Hey Baby (Drop It to the Floor) (feat. T-Pain),Pitbull/T-Pain,129.19921875
Tonight (I'm Fuckin' You) (feat. Ludacris & DJ Frank E),Enrique Iglesias/Ludacris/DJ Frank E,63.02400914634146
Sugar,Maroon 5,117.45383522727273
"Make 'Em Say Uhh (Edit) (feat. Silkk the Shocker, Fiend, Mia X & Mystikal)",Master P/Silkk the Shocker/Fiend/Mia X/Mystikal,112.34714673913044
"Te Boté (Clean Version) (feat. Bad Bunny, Nicky Jam & Ozuna)",Casper Magico/Nio Garcia/Darell/Bad Bunny/Nicky Jam/Ozuna,129.19921875
"10,000 Hours",Dan + Shay/Justin Bieber,89.10290948275862
This Kiss,Faith Hill,92.28515625
The Hanging Tree (feat. Jennifer Lawrence),James Newton Howard/Jennifer Lawrence,161.4990234375
You And I,Lady Gaga,129.19921875
If I Were a Boy,Beyoncé,89.10290948275862
"Money, Power & Respect (feat. DMX & Lil' Kim)",The LOX/DMX/Lil' Kim,95.703125
If Today Was Your Last Day,Nickelback,89.10290948275862
Plug Walk,Rich The Kid,95.703125
Hay (Album Version Explicit),Crucial Conflict,135.99917763157896
Tell Me,Groove Theory,92.28515625
Panini,Lil Nas X,151.99908088235293
Already Gone,Kelly Clarkson,151.99908088235293
Time After Time,INOJ,129.19921875
I Got The Hook-Up!,Master P/Sons Of Funk,107.666015625
my future,Billie Eilish,103.359375
I Don't Want to Wait,Paula Cole,172.265625
Cash Shit (feat. DaBaby),Megan Thee Stallion/DaBaby,129.19921875
"Only (feat. Drake, Lil Wayne & Chris Brown)",Nicki Minaj/Drake/Lil Wayne/Chris Brown,117.45383522727273
Down On Me (feat. 50 Cent),Jeremih/50 Cent,161.4990234375
Tonite's Tha Night (LP Version),Kris Kross,92.28515625
Like A G6 (feat. The Cataracs & Dev),Far East Movement/The Cataracs/Dev,83.35433467741936
Do For Love,2Pac,95.703125
Un-Break My Heart,Toni Braxton,107.666015625
Where Are Ü Now (with Justin Bieber) (feat. Justin Bieber),Jack Ü/Skrillex/Diplo/Justin Bieber,143.5546875
No Diggity (feat. Dr. Dre & Queen Pen),Blackstreet/Dr. Dre/Queen Pen,89.10290948275862
Habits (Stay High),Tove Lo,107.666015625
Only You (feat. Mase & Notorious B.I.G.),112/Mase/Notorious B.I.G.,95.703125
You Say,Lauren Daigle,151.99908088235293
We're Not Making Love No More,Dru Hill,112.34714673913044
"break up with your girlfriend, i'm bored",Ariana Grande,172.265625
Loungin (Who Do Ya Luv),LL Cool J,99.38401442307692
Best Thing I Never Had,Beyoncé,99.38401442307692
Stitches,Shawn Mendes,151.99908088235293
Paparazzi,Lady Gaga,117.45383522727273
All The Stars,Kendrick Lamar/SZA,95.703125
If the World Was Ending (feat. Julia Michaels),Jp Saxe/Julia Michaels,143.5546875
Spice Up Your Life,Spice Girls,123.046875
Rockin' That Thang (Album Version Edited),The-Dream,78.30255681818181
Take Me To Church,Hozier,129.19921875
Follow You Down (Edit),Gin Blossoms,78.30255681818181
A Rose Is Still a Rose,Aretha Franklin,117.45383522727273
Soon as I Get Home,Faith Evans,117.45383522727273
Pretty Girl Rock,Keri Hilson,161.4990234375
Party Rock Anthem (feat. Lauren Bennett & GoonRock),LMFAO/Lauren Bennett/GoonRock,129.19921875
Old Town Road (Remix) (feat. Billy Ray Cyrus),Lil Nas X/Billy Ray Cyrus,135.99917763157896
SICKO MODE,Travis Scott,151.99908088235293
Stay With Me,Sam Smith,86.1328125
Got What I Got,Jason Aldean,161.4990234375
Final Fantasy,Drake,117.45383522727273
Walk Me Home,P!nk,89.10290948275862
ZEZE (feat. Travis Scott & Offset),Kodak Black/Offset/Travis Scott,99.38401442307692
One Of Them Girls,Lee Brice,95.703125
The Boy Is Mine,Brandy/Monica,92.28515625
Love You Down,INOJ,135.99917763157896
Lips Are Movin,Meghan Trainor,92.28515625
I Love You Always Forever,Donna Lewis,103.359375
Lights Down Low,MAX/Gnash,80.74951171875
I Don't Care,Ed Sheeran/Justin Bieber,135.99917763157896
Waking Up In Vegas,Katy Perry,129.19921875
This Is America,Childish Gambino,117.45383522727273
C'mon N' Ride It (The Train) (Radio Mix),Quad City DJ's,135.99917763157896
Survival,Drake,86.1328125
Bluebird,Miranda Lambert,161.4990234375
Suge,DaBaby,151.99908088235293
Too Much,Spice Girls,80.74951171875
Taste (feat. Offset),Tyga/Offset,99.38401442307692
Girl Crush,Little Big Town,172.265625
You're Makin' Me High,Toni Braxton,92.28515625
The Bones,Maren Morris,151.99908088235293
She Ain't You,Chris Brown,184.5703125
The Time (Dirty Bit),Black Eyed Peas,129.19921875
Bottoms Up (feat. Nicki Minaj),Trey Songz/Nicki Minaj,151.99908088235293
The Arms of the One Who Loves You,Xscape,117.45383522727273
Die From A Broken Heart,Maddie & Tae,151.99908088235293
Only Girl (In The World),Rihanna,123.046875
I Like It,Cardi B/Bad Bunny/J Balvin,135.99917763157896
Uma Thurman,Fall Out Boy,151.99908088235293
Bodak Yellow,Cardi B,123.046875
Watermelon Sugar,Harry Styles,95.703125
FourFiveSeconds,Rihanna/Kanye West/Paul McCartney,103.359375
Does To Me (feat. Eric Church),Luke Combs/Eric Church,112.34714673913044
Raise Your Glass,P!nk,123.046875
Make It Hot (feat. Missy Elliott & Mocha),Nicole/Missy Elliott/Mocha,83.35433467741936
I'm Yours,Jason Mraz,151.99908088235293
Get Along,Kenny Chesney,92.28515625
"Hey Mama (feat. Nicki Minaj, Bebe Rexha & Afrojack)",David Guetta/Afrojack/Bebe Rexha/Nicki Minaj,172.265625
"Hey Look Ma, I Made It",Panic! At the Disco,107.666015625
Ratchet Happy Birthday,Drake,172.265625
Nobody (feat. Athena Cage),Keith Sweat/Athena Cage,117.45383522727273
You Oughta Know (2015 Remaster),Alanis Morissette,103.359375
Been Around the World (feat. The Notorious B.I.G. & Mase),Diddy/Notorious B.I.G./Mase,99.38401442307692
Candle In The Wind 1997,Elton John,129.19921875
Nonstop,Drake,103.359375
Is There More,Drake,172.265625
Chandelier,Sia,86.1328125
Say So,Doja Cat,112.34714673913044
Centuries,Fall Out Boy,89.10290948275862
So What (Main Version),P!nk,123.046875
Let It Rock (feat. Lil Wayne),Kevin Rudolf/Lil Wayne,112.34714673913044
One Sweet Day,Mariah Carey/Boyz II Men,64.599609375
Country Girl (Shake It For Me),Luke Bryan,107.666015625
Fight Song,Rachel Platten,172.265625
One Week,Barenaked Ladies,112.34714673913044
Mo Bamba,Sheck Wes,143.5546875
How Deep Is Your Love,Calvin Harris/DISCIPLΞS,123.046875
Party Girl,StaySolidRocky,129.19921875
Whiskey Glasses,Morgan Wallen,151.99908088235293
Peak,Drake,92.28515625
changes,XXXTentacion,135.99917763157896
Summer Games,Drake,135.99917763157896
Count On Me (from Waiting to Exhale - Original Soundtrack),Whitney Houston/CeCe Winans,112.34714673913044
You Belong With Me,Taylor Swift,129.19921875
Written in the Stars (feat. Eric Turner),Tinie/Eric Turner,92.28515625
Animal,Neon Trees,151.99908088235293
Marry Me,Thomas Rhett,86.1328125
I Need A Doctor (feat. Eminem & Skylar Grey),Dr. Dre/Eminem/Skylar Grey,103.359375
Emotionless,Drake,117.45383522727273
Without Me,Halsey,135.99917763157896
Leave Me Alone,Flipp Dinero,151.99908088235293
You Make Me Feel... (feat. Sabi),Cobra Starship/Sabi,129.19921875
Use Somebody,Kings of Leon,135.99917763157896
Please Don't Go,Mike Posner,117.45383522727273
Mi Gente (feat. Beyoncé),J Balvin/Willy William/Beyoncé,103.359375
Diva,Beyoncé,95.703125
Party In The U.S.A.,Miley Cyrus,95.703125
They Don't Know,Jon B,129.19921875
Tuesday (feat. Drake),ILoveMakonnen/Drake,143.5546875
You're Still The One,Shania Twain,135.99917763157896
Fire Burning,Sean Kingston,123.046875
I Don't Ever Want to See You Again,Uncle Sam,129.19921875
Dance Monkey,Tones and I,99.38401442307692
Battlefield,Jordin Sparks,143.5546875
Her Diamonds,Rob Thomas,172.265625
New Divide,Linkin Park,117.45383522727273
Sweet Dreams,La Bouche,135.99917763157896
Roll Up,Wiz Khalifa,95.703125
DNA.,Kendrick Lamar,135.99917763157896
Beautiful Life,Ace of Base,135.99917763157896
Til I Hear It From You,Gin Blossoms,123.046875
That’s How You Feel,Drake,86.1328125
MotorSport,Migos/Nicki Minaj/Cardi B,135.99917763157896
You Found Me,The Fray,151.99908088235293
Juicy,Doja Cat/Tyga,172.265625
E.T. (feat. Kanye West),Katy Perry/Kanye West,151.99908088235293
More Than My Hometown,Morgan Wallen,123.046875
Hold It Against Me,Britney Spears,135.99917763157896
Come & Go,Juice Wrld/Marshmello,143.5546875
Born This Way,Lady Gaga,123.046875
Savage,Megan Thee Stallion,172.265625
Fireflies,Owl City,89.10290948275862
Without You (feat. Usher),David Guetta/Usher,129.19921875
Animals,Maroon 5,95.703125
How Deep Is Your Love (feat. Redman),Dru Hill/Redman,123.046875
Con Calma (feat. SNoW),Daddy Yankee/SNoW,184.5703125
High Hopes,Panic! At the Disco,161.4990234375
Crack A Bottle (feat. Dr. Dre & 50 Cent),Eminem/Dr. Dre/50 Cent,83.35433467741936
We Paid,Lil Baby/42 Dugg,135.99917763157896
WAP (feat. Megan Thee Stallion),Cardi B/Megan Thee Stallion,129.19921875
In The Dark,Dev,123.046875
God's Plan,Drake,151.99908088235293
Freaky Friday (feat. Chris Brown),Lil Dicky/Chris Brown,99.38401442307692
Obsessed,Mariah Carey,86.1328125
My Way (feat. Monty),Fetty Wap/Monty,129.19921875
Kiss The Rain,Billie Myers,172.265625
Knock You Down (feat. Kanye West & Ne-Yo),Keri Hilson/Kanye West/Ne-Yo,151.99908088235293
a lot,21 Savage,143.5546875
Life Is Good (feat. Drake),Future/Drake,143.5546875
1979,The Smashing Pumpkins,129.19921875
Look At Me Now (feat. Lil Wayne & Busta Rhymes),Chris Brown/Lil Wayne/Busta Rhymes,143.5546875
I Run To You,Lady A,112.34714673913044
It's All Coming Back to Me Now,Céline Dion,172.265625
No Surprise,Daughtry,95.703125
Havana (feat. Young Thug),Camila Cabello/Young Thug,103.359375
Eyes On You,Chase Rice,95.703125
Someone You Loved,Lewis Capaldi,107.666015625
High Fashion (feat. Mustard),Roddy Ricch/Mustard,99.38401442307692
Please Don't Leave Me,P!nk,135.99917763157896
She Will (feat. Drake),Lil Wayne/Drake,75.99954044117646
Foolish Games,Jewel,129.19921875
Him & I,G-Eazy/Halsey,89.10290948275862
Rumor,Lee Brice,143.5546875
Circles,Post Malone,117.45383522727273
Hard To Forget,Sam Hunt,129.19921875
The Climb,Miley Cyrus,161.4990234375
Ain't Nobody (feat. Naughty by Nature),Monica/Naughty by Nature,89.10290948275862
Blow,Kesha,117.45383522727273
Crazy Girl,Eli Young Band,151.99908088235293
The Box,Roddy Ricch,117.45383522727273
Lighters (feat. Bruno Mars),Bad Meets Evil/Bruno Mars,89.10290948275862
Day 'N' Nite (Nightmare),Kid Cudi,135.99917763157896
Don't Start Now,Dua Lipa,123.046875
All My Life,K-Ci & JoJo,129.19921875
21 Guns,Green Day,161.4990234375
Womanizer,Britney Spears,135.99917763157896
Lady,D'Angelo,86.1328125
Big Green Tractor,Jason Aldean,135.99917763157896
Classic Man (feat. Roman GianArthur),Jidenna/Roman GianArthur,95.703125
Backseat (feat. The Cataracs & Dev),New Boyz/The Cataracs/Dev,123.046875
I Want To Come Over,Melissa Etheridge,117.45383522727273
4 Seasons Of Loneliness (Album Version),Boyz II Men,198.76802884615384
My Body,LSG,117.45383522727273
Anything,3T,129.19921875
The Hills,The Weeknd,112.34714673913044
Pumped Up Kicks,Foster the People,129.19921875
Po Pimp,Do or Die,143.5546875
Beautiful People (feat. Khalid),Ed Sheeran/Khalid,92.28515625
Heaven,Nu Flavor,95.703125
LOVE. (feat. Zacari),Kendrick Lamar/Zacari,123.046875
We Found Love (feat. Calvin Harris),Rihanna/Calvin Harris,86.1328125
Roses,SAINt JHN,103.359375
New Rules,Dua Lipa,117.45383522727273
Key West Intermezzo (I Saw You First),John Mellencamp,117.45383522727273
Señorita,Shawn Mendes/Camila Cabello,117.45383522727273
Post to Be (feat. Chris Brown & Jhene Aiko),Omarion/Chris Brown/Jhené Aiko,95.703125
YAH.,Kendrick Lamar,135.99917763157896
Cool for the Summer,Demi Lovato,112.34714673913044
Be Alright,Dean Lewis,129.19921875
Swing My Way (Radio Version),KP & Envyi,69.83741554054055
Colder Weather,Zac Brown Band,135.99917763157896
Speechless,Dan + Shay,135.99917763157896
Look Alive (feat. Drake),BlocBoy JB/Drake,143.5546875
Hotline Bling,Drake,135.99917763157896
"BIG BANK (feat. 2 Chainz, Big Sean & Nicki Minaj)",YG/2 Chainz/Big Sean/Nicki Minaj,103.359375
Blessings (feat. Drake & Kanye West),Big Sean/Drake/Kanye West,117.45383522727273
Dirt Road Anthem,Jason Aldean,129.19921875
Finesse,Bruno Mars,69.83741554054055
Touch It (Radio Edit),Monifah,117.45383522727273
Good Girls Go Bad (feat. Leighton Meester),Cobra Starship/Leighton Meester,117.45383522727273
Somebody (feat. Jeremih),Natalie La Rose/Jeremih,103.359375
Jaded,Drake,117.45383522727273
Ironic,Alanis Morissette,112.34714673913044
The Party Continues (Video Version) (feat. Da Brat & Usher),Jermaine Dupri/Da Brat/Usher,99.38401442307692
Wow.,Post Malone,99.38401442307692
I Get the Bag (feat. Migos),Gucci Mane/Migos,143.5546875
Just Dance (feat. Colby O'Donis),Lady Gaga/Colby O'Donis,117.45383522727273
My Oh My (feat. DaBaby),Camila Cabello/DaBaby,103.359375
Sunday Best,Surfaces,112.34714673913044
You Make It Easy,Jason Aldean,129.19921875
The First Night,Monica,151.99908088235293
I'm Upset,Drake,151.99908088235293
Heart On Ice,Rod Wave,103.359375
Not Gon' Cry,Mary J. Blige,112.34714673913044
Woah,Lil Baby,143.5546875
Honey Bee,Blake Shelton,103.359375
One Margarita,Luke Bryan,89.10290948275862
God is a woman,Ariana Grande,143.5546875
Kissin' You,Total,161.4990234375
A Song For Mama,Boyz II Men,75.99954044117646
Woo Hah!! Got You All in Check,Busta Rhymes,92.28515625
POPSTAR (feat. Drake),DJ Khaled/Drake,161.4990234375
Watch Me (Whip / Nae Nae),Silento,92.28515625
HIGHEST IN THE ROOM,Travis Scott,151.99908088235293
Can’t Take A Joke,Drake,117.45383522727273
Shape of You,Ed Sheeran,129.19921875
God's Country,Blake Shelton,135.99917763157896
Supalonely (feat. Gus Dapperton),BENEE/Gus Dapperton,129.19921875
Boom Boom Pow,Black Eyed Peas,129.19921875
Meant to Be (feat. Florida Georgia Line),Bebe Rexha/Florida Georgia Line,75.99954044117646
The Mummers' Dance,Loreena McKennitt,123.046875
How's It Going to Be,Third Eye Blind,161.4990234375
Closer to Free,BoDeans,99.38401442307692
Circus,Britney Spears,117.45383522727273
Mine,Bazzi,143.5546875
I Hate This Part,The Pussycat Dolls,112.34714673913044
Outside Today,YoungBoy Never Broke Again,135.99917763157896
3,Britney Spears,135.99917763157896
On The Floor (feat. Pitbull),Jennifer Lopez/Pitbull,129.19921875
Show Me Love (Radio Version),Robyn,92.28515625
I Got Id,Pearl Jam,184.5703125
Feel It Still,Portugal. The Man,78.30255681818181
Who Will Save Your Soul,Jewel,129.19921875
CoCo,O.T. Genasis,117.45383522727273
Where Them Girls At (feat. Nicki Minaj & Flo Rida),David Guetta,129.19921875
Money,Cardi B,129.19921875
Green Light (feat. André 3000),John Legend/André 3000,78.30255681818181
I Do Not Hook Up,Kelly Clarkson,143.5546875
Don't You Wanna Stay (with Kelly Clarkson),Jason Aldean,143.5546875
Quit Playing Games (With My Heart),Backstreet Boys,99.38401442307692
Blank Space,Taylor Swift,95.703125
Dynamite,Taio Cruz,117.45383522727273
Youngblood,5 Seconds Of Summer,117.45383522727273
You Need To Calm Down,Taylor Swift,86.1328125
Friend Of Mine,Kelly Price,117.45383522727273
You should be sad,Halsey,112.34714673913044
Whatcha Say,Jason Derulo,143.5546875
Just A Girl,No Doubt,107.666015625
Just A Girl,No Doubt,107.666015625
Cruel Summer,Ace of Base,112.34714673913044
Homesick,Kane Brown,95.703125
Tha Crossroads,Bone Thugs-N-Harmony,143.5546875
death bed (coffee for your head),Powfu/beabadoobee,143.5546875
All About That Bass,Meghan Trainor,89.10290948275862
Jealous,Nick Jonas,92.28515625
One Time,Justin Bieber,95.703125
Trip,Ella Mai,161.4990234375
Always Be My Baby (feat. Mariah Carey),Mariah Carey/Mariah Carey,78.30255681818181
SAD!,XXXTentacion,99.38401442307692
Never Be the Same,Camila Cabello,129.19921875
FEAR.,Kendrick Lamar,75.99954044117646
You're the One,SWV,95.703125
Beer Never Broke My Heart,Luke Combs,75.99954044117646
Yes Indeed,Lil Baby/Drake,117.45383522727273
Nobody Knows (Radio Edit),The Tony Rich Project,172.265625
Shallow,Lady Gaga/Bradley Cooper,95.703125
Dior,Pop Smoke,143.5546875
All For You (Album Version),Sister Hazel,135.99917763157896
I'm Not The Only One,Sam Smith,83.35433467741936
Take Your Time,Sam Hunt,161.4990234375
Good For You (feat. A$AP Rocky),Selena Gomez/A$AP Rocky,89.10290948275862
Wonderwall,Oasis,117.45383522727273
Tequila,Dan + Shay,86.1328125
Children,Robert Miles,135.99917763157896
I Hope You’re Happy Now,Carly Pearce/Lee Brice,117.45383522727273
Wishing Well,Juice Wrld,151.99908088235293
Too Close,Next,99.38401442307692
One Man Band,Old Dominion,151.99908088235293
FEEL.,Kendrick Lamar,112.34714673913044
Toosie Slide,Drake,107.666015625
Wildest Dreams,Taylor Swift,143.5546875
No Hands (feat. Roscoe Dash & Wale),Waka Flocka Flame/Roscoe Dash/Wale,129.19921875
Love Lies,Khalid/Normani,143.5546875
My Boo,Ghost Town Dj,129.19921875
Simple,Florida Georgia Line,99.38401442307692
Believer,Imagine Dragons,123.046875
Mercy,Brett Young,143.5546875
White Horse,Taylor Swift,92.28515625
Forever,Drake/Kanye West/Lil Wayne/Eminem,161.4990234375
I Wanna Go,Britney Spears,129.19921875
boyfriend,Ariana Grande/Social House,95.703125
Pop Out (feat. Lil Tjay),POLO G/Lil Tjay,161.4990234375
My Last (feat. Chris Brown),Big Sean/Chris Brown,172.265625
Doin' It,LL Cool J,95.703125
Robbery,Juice Wrld,161.4990234375
Hot (feat. Gunna),Young Thug/Gunna,112.34714673913044
Moonlight,XXXTentacion,129.19921875
Because Of You,98º,103.359375
What's My Name? (feat. Drake),Rihanna/Drake,135.99917763157896
Be Careful,Cardi B,151.99908088235293
Rocketeer (feat. Ryan Tedder),Far East Movement/Ryan Tedder,95.703125
Hot Girl Summer (feat. Nicki Minaj & Ty Dolla $ign),Megan Thee Stallion/Ty Dolla $ign/Nicki Minaj,99.38401442307692
All Of The Lights,Kanye West,143.5546875
Sugar (feat. Wynter),Flo Rida/Wynter Gordon,129.19921875
When the Lights Go Out (Radio Edit),Five,103.359375
Ayo,Chris Brown/Tyga,198.76802884615384
The Git Up,Blanco Brown,99.38401442307692
Going Bad (feat. Drake),Meek Mill/Drake,86.1328125
Halo,Beyoncé,80.74951171875
rockstar (feat. 21 Savage),Post Malone/21 Savage,161.4990234375
"The Earth, the Sun, the Rain",Color Me Badd,151.99908088235293
"WHATS POPPIN (feat. DaBaby, Tory Lanez & Lil Wayne) (Remix)",Jack Harlow/Tory Lanez/DaBaby/Lil Wayne,143.5546875
Trampoline,Shaed,129.19921875
Even Though I'm Leaving,Luke Combs,151.99908088235293
Nice & Slow,Usher,123.046875
Rags2Riches (feat. ATR Son Son),Rod Wave/ATR Son Son,117.45383522727273
Diggin' On You,TLC,80.74951171875
All Cried Out (Edit) (feat. 112),Allure/112,69.83741554054055
Sittin' Up In My Room (from Waiting to Exhale - Original Soundtrack),Brandy,92.28515625
Worth It (feat. Kid Ink),Fifth Harmony/Kid Ink,99.38401442307692
Till the World Ends,Britney Spears,89.10290948275862
Beautiful Crazy,Luke Combs,103.359375
"FEFE (feat. Nicki Minaj, Murda Beatz)",6IX9INE/Nicki Minaj/Murda Beatz,123.046875
I Will Come To You,Hanson,135.99917763157896
Then,Brad Paisley,143.5546875
Gettin' Jiggy Wit It,Will Smith,107.666015625
Replay,Iyaz,92.28515625
FRIENDS,Marshmello/Anne-Marie,95.703125
"No Brainer (feat. Justin Bieber, Chance the Rapper & Quavo)",DJ Khaled/Justin Bieber/Chance the Rapper/Quavo,135.99917763157896
Slow Motion,Trey Songz,95.703125
Before You Walk Out of My Life,Monica,172.265625
Body Bumpin' (Yippie-Yi-Yo),Public Announcement,123.046875
I Hope (feat. Charlie Puth),Gabby Barrett/Charlie Puth,151.99908088235293
Exhale (Shoop Shoop),Whitney Houston,135.99917763157896
It's All About Me (feat. Sisqó),Mýa/Sisqó,143.5546875
Last Night,Az Yet,161.4990234375
"Love Me Like You Do (From ""Fifty Shades Of Grey"")",Ellie Goulding,95.703125
Runaway,Janet Jackson,107.666015625
LOYALTY.,Kendrick Lamar,112.34714673913044
Fuck You,CeeLo Green,129.19921875
Blue Tint,Drake,135.99917763157896
Down (feat. Lil Wayne),Jay Sean/Lil Wayne,66.25600961538461
Memories,Maroon 5,92.28515625
Murder On My Mind,YNW Melly,117.45383522727273
Just the Way You Are,Bruno Mars,107.666015625
Feel so Good,Mase,103.359375
How Do You Sleep?,Sam Smith,112.34714673913044
Shut Up and Dance,Walk The Moon,129.19921875
Mob Ties,Drake,86.1328125
GUMMO,6IX9INE,78.30255681818181
God Gave Me You,Blake Shelton,151.99908088235293
Change the World,Eric Clapton,95.703125
Sky Walker (feat. Travis Scott),Miguel/Travis Scott,143.5546875
Crush,Jennifer Paige,117.45383522727273
DJ Got Us Fallin' In Love (feat. Pitbull),Usher/Pitbull,123.046875
Say Something (feat. Chris Stapleton),Justin Timberlake/Chris Stapleton,95.703125
Knee Deep (feat. Jimmy Buffett),Zac Brown Band/Jimmy Buffett,92.28515625
Daydreamin',Tatyana Ali/Lord Tariq/Peter Gunz,95.703125
The London (feat. J. Cole & Travis Scott),Young Thug/J. Cole/Travis Scott,129.19921875
Baby Shark,Pinkfong,117.45383522727273
Headlines,Drake,99.38401442307692
Someone Like You,Adele,135.99917763157896
Poker Face,Lady Gaga,117.45383522727273
Walk It Talk It (feat. Drake),Migos/Drake,143.5546875
Hotel Room Service,Pitbull,123.046875
Too Good At Goodbyes,Sam Smith,92.28515625
Thunder,Imagine Dragons,172.265625
Boo'd Up,Ella Mai,107.666015625
How Long,Charlie Puth,112.34714673913044
Who Says,Selena Gomez & The Scene,99.38401442307692
Just A Dream,Nelly,89.10290948275862
Moment 4 Life (feat. Drake),Nicki Minaj/Drake,99.38401442307692
March 14,Drake,95.703125
Déjà Vu (Uptown Baby),Lord Tariq/Peter Gunz,95.703125
Turn It Up Fire It Up,Busta Rhymes,103.359375
Throw It In The Bag (feat. The-Dream),Fabolous/The-Dream,86.1328125
The One I Gave my Heart to,Aaliyah,123.046875
Together Again,Janet Jackson,123.046875
Turn My Swag On,Soulja Boy Tell'em,151.99908088235293
Whatever It Is,Zac Brown Band,83.35433467741936
DUCKWORTH.,Kendrick Lamar,172.265625
Ransom,Lil Tecca,89.10290948275862
Savage Love (Laxed - Siren Beat),Jawsh 685/Jason Derulo,151.99908088235293
Tonight Tonight,Hot Chelle Rae,99.38401442307692
Pure Water,Mustard/Migos,99.38401442307692
You Remind Me of Something,R. Kelly,123.046875
You'll See,Madonna,89.10290948275862
when the party's over,Billie Eilish,129.19921875
Victory (feat. The Notorious B.I.G. & Busta Rhymes) (Remastered),Diddy/Busta Rhymes/The Notorious B.I.G.,92.28515625
House Party,Sam Hunt,103.359375
Money In The Grave (feat. Rick Ross),Drake/Rick Ross,99.38401442307692
RITMO (Bad Boys For Life),Black Eyed Peas/J Balvin,103.359375
Lean On (feat. MØ & DJ Snake),Major Lazer/MØ/DJ Snake,99.38401442307692
IDGAF,Dua Lipa,95.703125
Untouched,The Veronicas,89.10290948275862
Heaven,Kane Brown,161.4990234375
Locked Away (feat. Adam Levine),R. City/Adam Levine,123.046875
Envy Me,Calboy,99.38401442307692
Shotta Flow,NLE Choppa,123.046875
Touch Me Tease Me (feat. Foxy Brown & Mary J. Blige),Case/Foxy Brown/Mary J. Blige,86.1328125
Trap Queen,Fetty Wap,99.38401442307692
What the Hell,Avril Lavigne,151.99908088235293
Yeah 3x,Chris Brown,129.19921875
Last Friday Night (T.G.I.F.),Katy Perry,123.046875
Sum 2 Prove,Lil Baby,123.046875
Lemon,N.E.R.D./Rihanna,95.703125
Only Wanna Be with You,Hootie & the Blowfish,103.359375
Where Do You Go,No Mercy,129.19921875
Dura,Daddy Yankee,95.703125
Hit the Quan (Original Version),iLoveMemphis,161.4990234375
BLOOD.,Kendrick Lamar,78.30255681818181
Young Dumb & Broke,Khalid,135.99917763157896
Finesse,Drake,95.703125
Birthday Sex,Jeremih,60.09265988372093
My All,Mariah Carey,107.666015625
Kiss Me Thru The Phone (feat. Sammie),Soulja Boy Tell'em/Sammie,151.99908088235293
Just A Kiss,Lady A,143.5546875
Go Crazy,Chris Brown/Young Thug,92.28515625
Look What God Gave Her,Thomas Rhett,112.34714673913044
no tears left to cry,Ariana Grande,123.046875
Eastside,Benny Blanco/Halsey/Khalid,117.45383522727273
Whatever It Takes,Imagine Dragons,135.99917763157896
Best I Ever Had,Drake,107.666015625
Bad Blood (feat. Kendrick Lamar),Taylor Swift/Kendrick Lamar,172.265625
Marvin Gaye (feat. Meghan Trainor),Charlie Puth/Meghan Trainor,107.666015625
Swervin (feat. 6ix9ine),A Boogie Wit da Hoodie/6IX9INE,92.28515625
Drip Too Hard,Lil Baby/Gunna,112.34714673913044
Drip Too Hard,Lil Baby/Gunna,112.34714673913044
Good as Hell,Lizzo,95.703125
As I Lay Me Down,Sophie B. Hawkins,83.35433467741936
Be My Lover,La Bouche,135.99917763157896
Black and Yellow,Wiz Khalifa,161.4990234375
Walk Em Down (feat. Roddy Ricch),NLE Choppa/Roddy Ricch,172.265625
Sex & Candy,Marcy Playground,80.74951171875
Beautiful (feat. Colby O'Donis & Kardinal Offishall),Akon/Colby O'Donis/Kardinal Offishall,129.19921875
I Like Me Better,Lauv,92.28515625
GOD.,Kendrick Lamar,135.99917763157896
ROCKSTAR (feat. Roddy Ricch),DaBaby/Roddy Ricch,89.10290948275862
Sober,P!nk,184.5703125
Break Up (feat. Gucci Mane & Sean Garrett) (Radio Edit),Mario/Gucci Mane/Sean Garrett,143.5546875
Gone Till November (feat. Refugee All Stars) (Radio Edit),Wyclef Jean/Refugee Allstars/Refugee All Stars,86.1328125
Bartier Cardi (feat. 21 Savage),Cardi B/21 Savage,135.99917763157896
Look Back at It,A Boogie Wit da Hoodie,95.703125
Elevators (Me & You),OutKast,172.265625
BOP,DaBaby,129.19921875
"Keep On, Keepin' On (feat. Xscape)",MC Lyte/Xscape,184.5703125
Jealousy,Natalie Merchant,198.76802884615384
Sweet Dreams,Beyoncé,123.046875
Gives You Hell,The All-American Rejects,99.38401442307692
Close To Me,Ellie Goulding/Diplo/Swae Lee,143.5546875
Say It,Voices of Theory,73.828125
7/11,Beyoncé,135.99917763157896
Until It Sleeps,Metallica,112.34714673913044
Heartless (Album Version),Kanye West,172.265625
Get Money (feat. Junior M.A.F.I.A.) (2007 Remaster),The Notorious B.I.G./Junior M.A.F.I.A.,92.28515625
For The Night (feat. Lil Baby & DaBaby),Pop Smoke/Lil Baby/DaBaby,129.19921875
Waves,Mr. Probz,89.10290948275862
Every Girl (Album Version Explicit),Young Money,151.99908088235293
Pray For Me,Kendrick Lamar/The Weeknd,135.99917763157896
"1, 2, 3, 4 (Sumpin' New) [Timber Mix]",Coolio,117.45383522727273
Cheers (Drink To That),Rihanna,161.4990234375
Knockin' Boots,Luke Bryan,129.19921875
Slide (feat. YG),H.E.R./YG,95.703125
Back for Good,Take That,78.30255681818181
I Still Love You (Explicit Version),Next,172.265625
Blueberry Faygo,Lil Mosey,99.38401442307692
Heartbeat Song,Kelly Clarkson,99.38401442307692
Close Friends,Lil Baby,107.666015625
The Heart Wants What It Wants,Selena Gomez,112.34714673913044
"My Heart Will Go On (Love Theme from ""Titanic"")",Céline Dion,99.38401442307692
Price Tag (feat. B.o.B),Jessie J/B.o.B,172.265625
I Fall Apart,Post Malone,143.5546875
Counting Blue Cars (Tell Me Your Thoughts On God),Dishwalla,99.38401442307692
You Make Me Wanna...,Usher,161.4990234375
Sandra’s Rose,Drake,151.99908088235293
Intentions (feat. Quavo),Justin Bieber/Quavo,143.5546875
MIA (feat. Drake),Bad Bunny/Drake,129.19921875
Truth Hurts,Lizzo,161.4990234375
Like This and Like That (Radio Edit),Monica,184.5703125
Drag Me Down,One Direction,135.99917763157896
Gucci Gang,Lil Pump,117.45383522727273
Uptown Funk (feat. Bruno Mars),Mark Ronson/Bruno Mars,117.45383522727273
Falling,Trevor Daniel,129.19921875
F**kin' Perfect,P!nk,92.28515625
Said Sum,Moneybagg Yo,129.19921875
"Let It Flow (from ""Waiting to Exhale"" Original Soundtrack)",Toni Braxton,83.35433467741936
Talk (feat. Disclosure),Khalid/Disclosure,135.99917763157896
"Honey, I'm Good.",Andy Grammer,123.046875
Name,The Goo Goo Dolls,151.99908088235293
Rolling in the Deep,Adele,103.359375
I Love College,Asher Roth,172.265625
ROXANNE,Arizona Zervas,172.265625
Lovin' On You,Luke Combs,117.45383522727273
My Love Is the Shhh!,Somethin' for the People,123.046875
I Want You Back (Radio Edit),*NSYNC,112.34714673913044
Gangsta's Paradise (feat. L.V.),Coolio/L.V.,80.74951171875
Whatever You Like,T.I.,151.99908088235293
Nobody But You (Duet with Gwen Stefani) (feat. Gwen Stefani),Blake Shelton/Gwen Stefani,143.5546875
Pony,Ginuwine,143.5546875
Thotiana,Blueface,103.359375
Second Chance,Shinedown,99.38401442307692
Lately,Divine,123.046875
Never Ever,All Saints,135.99917763157896
Emotionally Scarred,Lil Baby,89.10290948275862
Please Me,Cardi B/Bruno Mars,135.99917763157896
If U Seek Amy,Britney Spears,129.19921875
"I'm On One (feat. Drake, Rick Ross & Lil Wayne)",DJ Khaled/Drake/Rick Ross/Lil Wayne,99.38401442307692
Why I Love You So Much,Monica,151.99908088235293
6 Foot 7 Foot (feat. Cory Gunz),Lil Wayne/Cory Gunz,172.265625
Lookin' at Me (feat. Puff Daddy),Mase/Diddy,95.703125
XXX.,Kendrick Lamar,172.265625
All To Myself,Dan + Shay,95.703125
The Lazy Song,Bruno Mars,172.265625
Worth It,Yk Osiris,123.046875
Chains,Nick Jonas,151.99908088235293
California Love,2Pac,92.28515625
Kick The Dust Up,Luke Bryan,86.1328125
More,Usher,123.046875
Goodbye,Kristinia DeBarge,117.45383522727273
PRIDE.,Kendrick Lamar,69.83741554054055
Miss Independent,Ne-Yo,117.45383522727273
Be Like That (feat. Swae Lee & Khalid),Kane Brown/Swae Lee/Khalid,172.265625
In My Blood,Shawn Mendes,143.5546875
Westside (Radio Edit),TQ,161.4990234375
hot girl bummer,blackbear,129.19921875
Natural,Imagine Dragons,99.38401442307692
Girls Like You (feat. Cardi B),Maroon 5/Cardi B,123.046875
Break My Heart,Dua Lipa,112.34714673913044
Disturbia,Rihanna,123.046875
Firework,Katy Perry,123.046875
P*$$Y Fairy (OTW),Jhené Aiko,129.19921875
Lose You To Love Me,Selena Gomez,103.359375
Jar of Hearts,Christina Perri,151.99908088235293
Ballin’,Mustard/Roddy Ricch,95.703125
"Taki Taki (feat. Selena Gomez, Ozuna & Cardi B)",DJ Snake/Selena Gomez/Ozuna/Cardi B,129.19921875
GDFR (feat. Sage the Gemini & Lookas),Flo Rida/Sage The Gemini/Lookas,143.5546875
Perfect,Ed Sheeran,63.02400914634146
Lay Me Down,Sam Smith,123.046875
Sure Thing,Miguel,80.74951171875
Love Story,Taylor Swift,117.45383522727273
No Limit (feat. A$AP Rocky & Cardi B),G-Eazy/A$AP Rocky/Cardi B,172.265625
Heartless,The Weeknd,172.265625
God's Plan,Drake,151.99908088235293
One Number Away,Luke Combs,143.5546875
Mouth,Merril Bainbridge,172.265625
bury a friend,Billie Eilish,123.046875
Renegades,X Ambassadors,184.5703125
X,Nicky Jam/J Balvin,117.45383522727273
Insensitive,Jann Arden,89.10290948275862
Live Your Life,T.I.,107.666015625
The Bigger Picture,Lil Baby,135.99917763157896
That Girl (feat. Shaggy),Maxi Priest/Shaggy,135.99917763157896
Bad At Love,Halsey,117.45383522727273
Night Changes,One Direction,117.45383522727273
One Last Time,Ariana Grande,123.046875
S&M,Rihanna,129.19921875
See You Again (feat. Charlie Puth),Wiz Khalifa/Charlie Puth,161.4990234375
Before You Go,Lewis Capaldi,112.34714673913044
Better Now,Post Malone,95.703125
If I Can't Have You,Shawn Mendes,123.046875
Ex's & Oh's,Elle King,143.5546875
One Thing Right,Marshmello/Kane Brown,89.10290948275862
Plain Jane REMIX (feat. Nicki Minaj),A$AP Ferg/Nicki Minaj,172.265625
"Give Me Everything (feat. Ne-Yo, Afrojack & Nayer)",Pitbull/Ne-Yo/Afrojack/Nayer,129.19921875
Romeo And Juliet,Sylk-E Fyne,75.99954044117646
All I Want for Christmas Is You,Mariah Carey,75.99954044117646
Stereo Hearts (feat. Adam Levine),Gym Class Heroes/Adam Levine,89.10290948275862
Bang Bang,Jessie J/Ariana Grande/Nicki Minaj,151.99908088235293
What Lovers Do (feat. SZA),Maroon 5/SZA,107.666015625
My Life Would Suck Without You,Kelly Clarkson,143.5546875
Motivation (feat. Lil Wayne),Kelly Rowland/Lil Wayne,143.5546875
Fantasy (feat. Mariah Carey),Mariah Carey/Mariah Carey,103.359375
How Do U Want It (feat. K-Ci and Jojo),K-Ci/2Pac/JoJo,92.28515625
Gotta Be Somebody,Nickelback,117.45383522727273
What You Want (feat. Total),Mase/Total,92.28515625
Only Human,Jonas Brothers,95.703125
Shake It Off,Taylor Swift,161.4990234375
Super Bass,Nicki Minaj,129.19921875
everything i wanted,Billie Eilish,60.09265988372093
The Show Goes On,Lupe Fiasco,143.5546875
Don't Wanna Go Home,Jason Derulo,123.046875
Wonder,Natalie Merchant,117.45383522727273
Photograph,Ed Sheeran,107.666015625
Love Drunk,Boys Like Girls,151.99908088235293
Dancing With A Stranger,Sam Smith/Normani,103.359375
How Do You Sleep? (Radio Edit Remix) (feat. Ludacris),Jesse McCartney/Ludacris,107.666015625
Stereo Love (feat. Vika Jigulina),Edward Maya/Vika Jigulina,129.19921875
Good Life,OneRepublic,95.703125
Blame It,Jamie Foxx featuring T-Pain,172.265625
Talk Up,Drake,143.5546875
Sucker,Jonas Brothers,135.99917763157896
ELEMENT.,Kendrick Lamar,95.703125
HUMBLE.,Kendrick Lamar,151.99908088235293
"Flex (Ooh, Ooh, Ooh)",Rich Homie Quan,161.4990234375
I Don't Mind (feat. Juicy J),Usher/Juicy J,112.34714673913044
No Type,Rae Sremmurd,123.046875
People Are Crazy,Billy Currington,143.5546875
Butta Love (Explicit Version),Next,107.666015625
Budapest,George Ezra,129.19921875
Viva La Vida,Coldplay,135.99917763157896
Old Man & Me,Hootie & the Blowfish,99.38401442307692
Moves Like Jagger (feat. Christina Aguilera),Maroon 5/Christina Aguilera,129.19921875
One Of Us,Joan Osborne,89.10290948275862
Delicate,Taylor Swift,95.703125
Ray of Light,Madonna,129.19921875
Breakfast At Tiffany's,Deep Blue Something,112.34714673913044
Sock It 2 Me (feat. Da Brat),Missy Elliott/Da Brat,161.4990234375
If I Die Young,The Band Perry,129.19921875
In My Feelings,Drake,184.5703125
bad guy,Billie Eilish,135.99917763157896
Twisted,Keith Sweat,89.10290948275862
The Middle,ZEDD/Maren Morris/Grey,107.666015625
I Gotta Feeling,Black Eyed Peas,129.19921875
Thinking out Loud,Ed Sheeran,78.30255681818181
Are You Jimmy Ray?,Jimmy Ray,99.38401442307692
What Do You Mean?,Justin Bieber,123.046875
Can't Feel My Face,The Weeknd,107.666015625
Right Round,Flo Rida,123.046875
One Kiss,Calvin Harris/Dua Lipa,123.046875
No One Else,Total,92.28515625
